case,dimension,rank_p,rank_q,seed,solver,sdp_tau,formula_tau,absolute_error
1,2,1,1,20260716,SCS,0.7147891789855741,0.7147891785438579,4.417162191572288e-10
2,3,1,2,20260716,SCS,0.7548798842938089,0.7548798828971298,1.3966791057029582e-09
3,4,1,2,20260716,SCS,0.7088916153326505,0.708891615163662,1.6898860089042955e-10
4,4,2,3,20260716,SCS,0.7845670547984926,0.7845670651526395,1.0354146873226e-08
5,6,1,4,20260716,SCS,0.7132479968760629,0.7132479962946594,5.814034809148438e-10
6,6,2,3,20260716,SCS,0.710747452502798,0.7107474525125917,9.793721389428356e-12
7,6,3,4,20260716,SCS,0.7556424722949154,0.7556424721532413,1.4167411688248421e-10
8,6,5,2,20260716,SCS,0.7192614269116099,0.7192614269118514,2.4147350785597155e-13
